"Step","colu - train/loss","colu - train/loss__MIN","colu - train/loss__MAX","relu - train/loss","relu - train/loss__MIN","relu - train/loss__MAX"
"0","0.3106890618801117","0.3106890618801117","0.3106890618801117","0.48365509510040283","0.48365509510040283","0.48365509510040283"
"1","0.21256226301193237","0.21256226301193237","0.21256226301193237","0.24568180739879608","0.24568180739879608","0.24568180739879608"
"2","0.1902623176574707","0.1902623176574707","0.1902623176574707","0.21595308184623718","0.21595308184623718","0.21595308184623718"
"3","0.18006651103496552","0.18006651103496552","0.18006651103496552","0.19861167669296265","0.19861167669296265","0.19861167669296265"
"4","0.17693138122558594","0.17693138122558594","0.17693138122558594","0.19133754074573517","0.19133754074573517","0.19133754074573517"
"5","0.17328648269176483","0.17328648269176483","0.17328648269176483","0.1847943663597107","0.1847943663597107","0.1847943663597107"
"6","0.1681419014930725","0.1681419014930725","0.1681419014930725","0.17740508913993835","0.17740508913993835","0.17740508913993835"
"7","0.1677539199590683","0.1677539199590683","0.1677539199590683","0.17586667835712433","0.17586667835712433","0.17586667835712433"
"8","0.1663506180047989","0.1663506180047989","0.1663506180047989","0.1730482280254364","0.1730482280254364","0.1730482280254364"
"9","0.16430634260177612","0.16430634260177612","0.16430634260177612","0.1705695390701294","0.1705695390701294","0.1705695390701294"
"11","0.16400542855262756","0.16400542855262756","0.16400542855262756","0.1689196079969406","0.1689196079969406","0.1689196079969406"
"12","0.16286201775074005","0.16286201775074005","0.16286201775074005","0.16804935038089752","0.16804935038089752","0.16804935038089752"
"13","0.1626809537410736","0.1626809537410736","0.1626809537410736","0.16690395772457123","0.16690395772457123","0.16690395772457123"
"14","0.16186068952083588","0.16186068952083588","0.16186068952083588","0.1660192459821701","0.1660192459821701","0.1660192459821701"
"15","0.1620156466960907","0.1620156466960907","0.1620156466960907","0.16675610840320587","0.16675610840320587","0.16675610840320587"
"16","0.1598169207572937","0.1598169207572937","0.1598169207572937","0.1631946712732315","0.1631946712732315","0.1631946712732315"
"17","0.16004998981952667","0.16004998981952667","0.16004998981952667","0.1634308248758316","0.1634308248758316","0.1634308248758316"
"18","0.16034828126430511","0.16034828126430511","0.16034828126430511","0.16393421590328217","0.16393421590328217","0.16393421590328217"
"19","0.15914571285247803","0.15914571285247803","0.15914571285247803","0.161815345287323","0.161815345287323","0.161815345287323"
"20","0.15885232388973236","0.15885232388973236","0.15885232388973236","0.16147007048130035","0.16147007048130035","0.16147007048130035"
"22","0.15789279341697693","0.15789279341697693","0.15789279341697693","0.1603594422340393","0.1603594422340393","0.1603594422340393"
"23","0.1586272269487381","0.1586272269487381","0.1586272269487381","0.16093507409095764","0.16093507409095764","0.16093507409095764"
"24","0.1572442501783371","0.1572442501783371","0.1572442501783371","0.15924255549907684","0.15924255549907684","0.15924255549907684"
"25","0.15920014679431915","0.15920014679431915","0.15920014679431915","0.16140250861644745","0.16140250861644745","0.16140250861644745"
"26","0.15743914246559143","0.15743914246559143","0.15743914246559143","0.1589868813753128","0.1589868813753128","0.1589868813753128"
"27","0.15764260292053223","0.15764260292053223","0.15764260292053223","0.15951818227767944","0.15951818227767944","0.15951818227767944"
"28","0.15702466666698456","0.15702466666698456","0.15702466666698456","0.15860290825366974","0.15860290825366974","0.15860290825366974"
"29","0.15626105666160583","0.15626105666160583","0.15626105666160583","0.15760503709316254","0.15760503709316254","0.15760503709316254"
"30","0.1562461256980896","0.1562461256980896","0.1562461256980896","0.15777456760406494","0.15777456760406494","0.15777456760406494"
"31","0.1555296629667282","0.1555296629667282","0.1555296629667282","0.15679751336574554","0.15679751336574554","0.15679751336574554"
"33","0.15678852796554565","0.15678852796554565","0.15678852796554565","0.1580570638179779","0.1580570638179779","0.1580570638179779"
"34","0.15481781959533691","0.15481781959533691","0.15481781959533691","0.15612831711769104","0.15612831711769104","0.15612831711769104"
"35","0.1559590846300125","0.1559590846300125","0.1559590846300125","0.15707488358020782","0.15707488358020782","0.15707488358020782"
"36","0.15431919693946838","0.15431919693946838","0.15431919693946838","0.1552625149488449","0.1552625149488449","0.1552625149488449"
"37","0.1549133062362671","0.1549133062362671","0.1549133062362671","0.15579406917095184","0.15579406917095184","0.15579406917095184"
"38","0.15401211380958557","0.15401211380958557","0.15401211380958557","0.1550157368183136","0.1550157368183136","0.1550157368183136"
"39","0.15521341562271118","0.15521341562271118","0.15521341562271118","0.15614432096481323","0.15614432096481323","0.15614432096481323"
"40","0.15433770418167114","0.15433770418167114","0.15433770418167114","0.1553388386964798","0.1553388386964798","0.1553388386964798"
"41","0.1547532081604004","0.1547532081604004","0.1547532081604004","0.15551596879959106","0.15551596879959106","0.15551596879959106"
"42","0.1534350961446762","0.1534350961446762","0.1534350961446762","0.1542745977640152","0.1542745977640152","0.1542745977640152"
"44","0.15600022673606873","0.15600022673606873","0.15600022673606873","0.15660426020622253","0.15660426020622253","0.15660426020622253"
"45","0.15403372049331665","0.15403372049331665","0.15403372049331665","0.1548626571893692","0.1548626571893692","0.1548626571893692"
"46","0.15521273016929626","0.15521273016929626","0.15521273016929626","0.1556721180677414","0.1556721180677414","0.1556721180677414"
"47","0.15450024604797363","0.15450024604797363","0.15450024604797363","0.15530775487422943","0.15530775487422943","0.15530775487422943"
"48","0.15241052210330963","0.15241052210330963","0.15241052210330963","0.15325701236724854","0.15325701236724854","0.15325701236724854"
"49","0.15334466099739075","0.15334466099739075","0.15334466099739075","0.1537655144929886","0.1537655144929886","0.1537655144929886"
"50","0.15312328934669495","0.15312328934669495","0.15312328934669495","0.1536875069141388","0.1536875069141388","0.1536875069141388"
"51","0.15501677989959717","0.15501677989959717","0.15501677989959717","0.15552403032779694","0.15552403032779694","0.15552403032779694"
"52","0.15343596041202545","0.15343596041202545","0.15343596041202545","0.1541476547718048","0.1541476547718048","0.1541476547718048"
"53","0.152555450797081","0.152555450797081","0.152555450797081","0.15291938185691833","0.15291938185691833","0.15291938185691833"
"55","0.15237152576446533","0.15237152576446533","0.15237152576446533","0.15303701162338257","0.15303701162338257","0.15303701162338257"
"56","0.15046270191669464","0.15046270191669464","0.15046270191669464","0.15081150829792023","0.15081150829792023","0.15081150829792023"
"57","0.1543101817369461","0.1543101817369461","0.1543101817369461","0.15455745160579681","0.15455745160579681","0.15455745160579681"
"58","0.15332141518592834","0.15332141518592834","0.15332141518592834","0.15388166904449463","0.15388166904449463","0.15388166904449463"
"59","0.15300989151000977","0.15300989151000977","0.15300989151000977","0.15364788472652435","0.15364788472652435","0.15364788472652435"
"60","0.15201511979103088","0.15201511979103088","0.15201511979103088","0.1523827761411667","0.1523827761411667","0.1523827761411667"
"61","0.15122750401496887","0.15122750401496887","0.15122750401496887","0.1516890525817871","0.1516890525817871","0.1516890525817871"
"62","0.15224504470825195","0.15224504470825195","0.15224504470825195","0.15254785120487213","0.15254785120487213","0.15254785120487213"
"63","0.15387265384197235","0.15387265384197235","0.15387265384197235","0.15417757630348206","0.15417757630348206","0.15417757630348206"
"64","0.15200155973434448","0.15200155973434448","0.15200155973434448","0.15224455296993256","0.15224455296993256","0.15224455296993256"
"66","0.152849480509758","0.152849480509758","0.152849480509758","0.1532313972711563","0.1532313972711563","0.1532313972711563"
"67","0.15258769690990448","0.15258769690990448","0.15258769690990448","0.1531396061182022","0.1531396061182022","0.1531396061182022"
"68","0.15198594331741333","0.15198594331741333","0.15198594331741333","0.15239621698856354","0.15239621698856354","0.15239621698856354"
"69","0.15353792905807495","0.15353792905807495","0.15353792905807495","0.15383540093898773","0.15383540093898773","0.15383540093898773"
"70","0.15149521827697754","0.15149521827697754","0.15149521827697754","0.15193887054920197","0.15193887054920197","0.15193887054920197"
"71","0.14954186975955963","0.14954186975955963","0.14954186975955963","0.14966373145580292","0.14966373145580292","0.14966373145580292"
"72","0.152058407664299","0.152058407664299","0.152058407664299","0.15240398049354553","0.15240398049354553","0.15240398049354553"
"73","0.15014193952083588","0.15014193952083588","0.15014193952083588","0.15042738616466522","0.15042738616466522","0.15042738616466522"
"74","0.14915812015533447","0.14915812015533447","0.14915812015533447","0.1494995653629303","0.1494995653629303","0.1494995653629303"
"75","0.1522824913263321","0.1522824913263321","0.1522824913263321","0.15239955484867096","0.15239955484867096","0.15239955484867096"
"77","0.15237490832805634","0.15237490832805634","0.15237490832805634","0.1527288556098938","0.1527288556098938","0.1527288556098938"
"78","0.15177616477012634","0.15177616477012634","0.15177616477012634","0.15182605385780334","0.15182605385780334","0.15182605385780334"
"79","0.1531134843826294","0.1531134843826294","0.1531134843826294","0.15336407721042633","0.15336407721042633","0.15336407721042633"
"80","0.15078788995742798","0.15078788995742798","0.15078788995742798","0.15119804441928864","0.15119804441928864","0.15119804441928864"
"81","0.15081875026226044","0.15081875026226044","0.15081875026226044","0.15099965035915375","0.15099965035915375","0.15099965035915375"
"82","0.1525404155254364","0.1525404155254364","0.1525404155254364","0.15262958407402039","0.15262958407402039","0.15262958407402039"
"83","0.15050652623176575","0.15050652623176575","0.15050652623176575","0.15087154507637024","0.15087154507637024","0.15087154507637024"
"84","0.15089087188243866","0.15089087188243866","0.15089087188243866","0.15099115669727325","0.15099115669727325","0.15099115669727325"
"85","0.1524416208267212","0.1524416208267212","0.1524416208267212","0.15275976061820984","0.15275976061820984","0.15275976061820984"
"86","0.1509726196527481","0.1509726196527481","0.1509726196527481","0.15113410353660583","0.15113410353660583","0.15113410353660583"
"88","0.15103283524513245","0.15103283524513245","0.15103283524513245","0.15143580734729767","0.15143580734729767","0.15143580734729767"
"89","0.15161992609500885","0.15161992609500885","0.15161992609500885","0.15179291367530823","0.15179291367530823","0.15179291367530823"
"90","0.15106803178787231","0.15106803178787231","0.15106803178787231","0.15140682458877563","0.15140682458877563","0.15140682458877563"
"91","0.1518610119819641","0.1518610119819641","0.1518610119819641","0.15203338861465454","0.15203338861465454","0.15203338861465454"
"92","0.15126250684261322","0.15126250684261322","0.15126250684261322","0.15163573622703552","0.15163573622703552","0.15163573622703552"
"93","0.15092627704143524","0.15092627704143524","0.15092627704143524","0.15112552046775818","0.15112552046775818","0.15112552046775818"
"94","0.14942695200443268","0.14942695200443268","0.14942695200443268","0.14962215721607208","0.14962215721607208","0.14962215721607208"
"95","0.15174059569835663","0.15174059569835663","0.15174059569835663","0.15182068943977356","0.15182068943977356","0.15182068943977356"
"96","0.1494494378566742","0.1494494378566742","0.1494494378566742","0.14985795319080353","0.14985795319080353","0.14985795319080353"
"97","0.15315960347652435","0.15315960347652435","0.15315960347652435","0.15320654213428497","0.15320654213428497","0.15320654213428497"
"99","0.14941519498825073","0.14941519498825073","0.14941519498825073","0.1495540738105774","0.1495540738105774","0.1495540738105774"
"100","0.15055516362190247","0.15055516362190247","0.15055516362190247","0.15086661279201508","0.15086661279201508","0.15086661279201508"
"101","0.15001288056373596","0.15001288056373596","0.15001288056373596","0.15040315687656403","0.15040315687656403","0.15040315687656403"
"102","0.15058740973472595","0.15058740973472595","0.15058740973472595","0.15087373554706573","0.15087373554706573","0.15087373554706573"
"103","0.15039466321468353","0.15039466321468353","0.15039466321468353","0.15049861371517181","0.15049861371517181","0.15049861371517181"
"104","0.15050329267978668","0.15050329267978668","0.15050329267978668","0.15072673559188843","0.15072673559188843","0.15072673559188843"
"105","0.14999578893184662","0.14999578893184662","0.14999578893184662","0.15019841492176056","0.15019841492176056","0.15019841492176056"
"106","0.14903727173805237","0.14903727173805237","0.14903727173805237","0.14914783835411072","0.14914783835411072","0.14914783835411072"
"107","0.1495746672153473","0.1495746672153473","0.1495746672153473","0.1498575359582901","0.1498575359582901","0.1498575359582901"
"108","0.15182332694530487","0.15182332694530487","0.15182332694530487","0.15202495455741882","0.15202495455741882","0.15202495455741882"
"110","0.14997313916683197","0.14997313916683197","0.14997313916683197","0.14998479187488556","0.14998479187488556","0.14998479187488556"
"111","0.15067240595817566","0.15067240595817566","0.15067240595817566","0.1507260501384735","0.1507260501384735","0.1507260501384735"
"112","0.15009264647960663","0.15009264647960663","0.15009264647960663","0.15035498142242432","0.15035498142242432","0.15035498142242432"
"113","0.15107867121696472","0.15107867121696472","0.15107867121696472","0.15111082792282104","0.15111082792282104","0.15111082792282104"
"114","0.15075378119945526","0.15075378119945526","0.15075378119945526","0.15097789466381073","0.15097789466381073","0.15097789466381073"
"115","0.15033763647079468","0.15033763647079468","0.15033763647079468","0.15062794089317322","0.15062794089317322","0.15062794089317322"
"116","0.14982357621192932","0.14982357621192932","0.14982357621192932","0.14996294677257538","0.14996294677257538","0.14996294677257538"
"117","0.1488695591688156","0.1488695591688156","0.1488695591688156","0.149067223072052","0.149067223072052","0.149067223072052"
"118","0.14888757467269897","0.14888757467269897","0.14888757467269897","0.14902549982070923","0.14902549982070923","0.14902549982070923"
"119","0.15080402791500092","0.15080402791500092","0.15080402791500092","0.1510385274887085","0.1510385274887085","0.1510385274887085"
"121","0.14927200973033905","0.14927200973033905","0.14927200973033905","0.1493440568447113","0.1493440568447113","0.1493440568447113"
"122","0.1510191112756729","0.1510191112756729","0.1510191112756729","0.1511656492948532","0.1511656492948532","0.1511656492948532"
"123","0.1494705080986023","0.1494705080986023","0.1494705080986023","0.1494918167591095","0.1494918167591095","0.1494918167591095"
"124","0.14996854960918427","0.14996854960918427","0.14996854960918427","0.15001064538955688","0.15001064538955688","0.15001064538955688"
"125","0.1501571387052536","0.1501571387052536","0.1501571387052536","0.15054024755954742","0.15054024755954742","0.15054024755954742"
"126","0.15033429861068726","0.15033429861068726","0.15033429861068726","0.15038713812828064","0.15038713812828064","0.15038713812828064"
"127","0.15060658752918243","0.15060658752918243","0.15060658752918243","0.15061835944652557","0.15061835944652557","0.15061835944652557"
"128","0.14863567054271698","0.14863567054271698","0.14863567054271698","0.14879031479358673","0.14879031479358673","0.14879031479358673"
"129","0.14873118698596954","0.14873118698596954","0.14873118698596954","0.14901384711265564","0.14901384711265564","0.14901384711265564"
"130","0.15004533529281616","0.15004533529281616","0.15004533529281616","0.1502939909696579","0.1502939909696579","0.1502939909696579"
"132","0.15076951682567596","0.15076951682567596","0.15076951682567596","0.15071621537208557","0.15071621537208557","0.15071621537208557"
"133","0.14793115854263306","0.14793115854263306","0.14793115854263306","0.14812780916690826","0.14812780916690826","0.14812780916690826"
"134","0.14898386597633362","0.14898386597633362","0.14898386597633362","0.149242103099823","0.149242103099823","0.149242103099823"
"135","0.15001049637794495","0.15001049637794495","0.15001049637794495","0.14994655549526215","0.14994655549526215","0.14994655549526215"
"136","0.14810320734977722","0.14810320734977722","0.14810320734977722","0.1483573317527771","0.1483573317527771","0.1483573317527771"
"137","0.14977025985717773","0.14977025985717773","0.14977025985717773","0.14999251067638397","0.14999251067638397","0.14999251067638397"
"138","0.14909617602825165","0.14909617602825165","0.14909617602825165","0.14914198219776154","0.14914198219776154","0.14914198219776154"
"139","0.15000903606414795","0.15000903606414795","0.15000903606414795","0.15024033188819885","0.15024033188819885","0.15024033188819885"
"140","0.14948004484176636","0.14948004484176636","0.14948004484176636","0.1496860831975937","0.1496860831975937","0.1496860831975937"
"141","0.15064409375190735","0.15064409375190735","0.15064409375190735","0.15075936913490295","0.15075936913490295","0.15075936913490295"
"143","0.14923638105392456","0.14923638105392456","0.14923638105392456","0.14949174225330353","0.14949174225330353","0.14949174225330353"
"144","0.1505003124475479","0.1505003124475479","0.1505003124475479","0.1503281444311142","0.1503281444311142","0.1503281444311142"
"145","0.14896254241466522","0.14896254241466522","0.14896254241466522","0.14909547567367554","0.14909547567367554","0.14909547567367554"
"146","0.14883074164390564","0.14883074164390564","0.14883074164390564","0.14893928170204163","0.14893928170204163","0.14893928170204163"
"147","0.14909154176712036","0.14909154176712036","0.14909154176712036","0.149138942360878","0.149138942360878","0.149138942360878"
"148","0.14846573770046234","0.14846573770046234","0.14846573770046234","0.14860603213310242","0.14860603213310242","0.14860603213310242"
"149","0.14834628999233246","0.14834628999233246","0.14834628999233246","0.1486101746559143","0.1486101746559143","0.1486101746559143"
"150","0.14894244074821472","0.14894244074821472","0.14894244074821472","0.14906112849712372","0.14906112849712372","0.14906112849712372"
"151","0.14829255640506744","0.14829255640506744","0.14829255640506744","0.14827951788902283","0.14827951788902283","0.14827951788902283"
"152","0.1506926715373993","0.1506926715373993","0.1506926715373993","0.15079297125339508","0.15079297125339508","0.15079297125339508"
"154","0.14761517941951752","0.14761517941951752","0.14761517941951752","0.14772653579711914","0.14772653579711914","0.14772653579711914"
"155","0.14867381751537323","0.14867381751537323","0.14867381751537323","0.14875654876232147","0.14875654876232147","0.14875654876232147"
"156","0.14765982329845428","0.14765982329845428","0.14765982329845428","0.14784149825572968","0.14784149825572968","0.14784149825572968"
"157","0.15148517489433289","0.15148517489433289","0.15148517489433289","0.1515752375125885","0.1515752375125885","0.1515752375125885"
"158","0.1485474705696106","0.1485474705696106","0.1485474705696106","0.14876101911067963","0.14876101911067963","0.14876101911067963"
"159","0.14880557358264923","0.14880557358264923","0.14880557358264923","0.14892695844173431","0.14892695844173431","0.14892695844173431"
"160","0.14923542737960815","0.14923542737960815","0.14923542737960815","0.1494462639093399","0.1494462639093399","0.1494462639093399"
"161","0.14888745546340942","0.14888745546340942","0.14888745546340942","0.14902739226818085","0.14902739226818085","0.14902739226818085"
"162","0.14733508229255676","0.14733508229255676","0.14733508229255676","0.14748515188694","0.14748515188694","0.14748515188694"
"163","0.1485767811536789","0.1485767811536789","0.1485767811536789","0.1489490270614624","0.1489490270614624","0.1489490270614624"
"165","0.15042071044445038","0.15042071044445038","0.15042071044445038","0.1505305916070938","0.1505305916070938","0.1505305916070938"
"166","0.14986005425453186","0.14986005425453186","0.14986005425453186","0.14980614185333252","0.14980614185333252","0.14980614185333252"
"167","0.1481514871120453","0.1481514871120453","0.1481514871120453","0.14831574261188507","0.14831574261188507","0.14831574261188507"
"168","0.14826269447803497","0.14826269447803497","0.14826269447803497","0.14839708805084229","0.14839708805084229","0.14839708805084229"
"169","0.14980611205101013","0.14980611205101013","0.14980611205101013","0.1498003900051117","0.1498003900051117","0.1498003900051117"
"170","0.14882728457450867","0.14882728457450867","0.14882728457450867","0.148972749710083","0.148972749710083","0.148972749710083"
"171","0.14814895391464233","0.14814895391464233","0.14814895391464233","0.14831630885601044","0.14831630885601044","0.14831630885601044"
"172","0.14823932945728302","0.14823932945728302","0.14823932945728302","0.14845022559165955","0.14845022559165955","0.14845022559165955"
"173","0.15019245445728302","0.15019245445728302","0.15019245445728302","0.15030637383460999","0.15030637383460999","0.15030637383460999"
"174","0.1485428363084793","0.1485428363084793","0.1485428363084793","0.1486298143863678","0.1486298143863678","0.1486298143863678"
"176","0.14890934526920319","0.14890934526920319","0.14890934526920319","0.1488976627588272","0.1488976627588272","0.1488976627588272"
"177","0.14876657724380493","0.14876657724380493","0.14876657724380493","0.14883247017860413","0.14883247017860413","0.14883247017860413"
"178","0.15011373162269592","0.15011373162269592","0.15011373162269592","0.14994868636131287","0.14994868636131287","0.14994868636131287"
"179","0.14951439201831818","0.14951439201831818","0.14951439201831818","0.14965426921844482","0.14965426921844482","0.14965426921844482"
"180","0.14879710972309113","0.14879710972309113","0.14879710972309113","0.1489410549402237","0.1489410549402237","0.1489410549402237"
"181","0.14820174872875214","0.14820174872875214","0.14820174872875214","0.1482972800731659","0.1482972800731659","0.1482972800731659"
"182","0.1497560441493988","0.1497560441493988","0.1497560441493988","0.14985518157482147","0.14985518157482147","0.14985518157482147"
"183","0.147971510887146","0.147971510887146","0.147971510887146","0.14805284142494202","0.14805284142494202","0.14805284142494202"
"184","0.1481507569551468","0.1481507569551468","0.1481507569551468","0.1483316719532013","0.1483316719532013","0.1483316719532013"
"185","0.1484035849571228","0.1484035849571228","0.1484035849571228","0.14836791157722473","0.14836791157722473","0.14836791157722473"
"187","0.14784473180770874","0.14784473180770874","0.14784473180770874","0.1479956954717636","0.1479956954717636","0.1479956954717636"
"188","0.147567018866539","0.147567018866539","0.147567018866539","0.14774034917354584","0.14774034917354584","0.14774034917354584"
"189","0.14921870827674866","0.14921870827674866","0.14921870827674866","0.14940562844276428","0.14940562844276428","0.14940562844276428"
"190","0.1483931541442871","0.1483931541442871","0.1483931541442871","0.14846935868263245","0.14846935868263245","0.14846935868263245"
"191","0.14934127032756805","0.14934127032756805","0.14934127032756805","0.14943213760852814","0.14943213760852814","0.14943213760852814"
"192","0.14869281649589539","0.14869281649589539","0.14869281649589539","0.1488187164068222","0.1488187164068222","0.1488187164068222"
"193","0.14834657311439514","0.14834657311439514","0.14834657311439514","0.14842937886714935","0.14842937886714935","0.14842937886714935"
"194","0.14763247966766357","0.14763247966766357","0.14763247966766357","0.14779524505138397","0.14779524505138397","0.14779524505138397"
"195","0.1492425799369812","0.1492425799369812","0.1492425799369812","0.14922995865345","0.14922995865345","0.14922995865345"
"196","0.14940662682056427","0.14940662682056427","0.14940662682056427","0.14948011934757233","0.14948011934757233","0.14948011934757233"
"198","0.1470542550086975","0.1470542550086975","0.1470542550086975","0.14724506437778473","0.14724506437778473","0.14724506437778473"
"199","0.14887243509292603","0.14887243509292603","0.14887243509292603","0.14901970326900482","0.14901970326900482","0.14901970326900482"
"200","0.14727210998535156","0.14727210998535156","0.14727210998535156","0.14722223579883575","0.14722223579883575","0.14722223579883575"
"201","0.14838837087154388","0.14838837087154388","0.14838837087154388","0.14855754375457764","0.14855754375457764","0.14855754375457764"
"202","0.14779645204544067","0.14779645204544067","0.14779645204544067","0.14786148071289062","0.14786148071289062","0.14786148071289062"
"203","0.14835849404335022","0.14835849404335022","0.14835849404335022","0.1482396125793457","0.1482396125793457","0.1482396125793457"
"204","0.14650073647499084","0.14650073647499084","0.14650073647499084","0.14666424691677094","0.14666424691677094","0.14666424691677094"
"205","0.14637015759944916","0.14637015759944916","0.14637015759944916","0.14675457775592804","0.14675457775592804","0.14675457775592804"
"206","0.14825096726417542","0.14825096726417542","0.14825096726417542","0.1482515186071396","0.1482515186071396","0.1482515186071396"
"207","0.1478148102760315","0.1478148102760315","0.1478148102760315","0.14784932136535645","0.14784932136535645","0.14784932136535645"
"209","0.149414524435997","0.149414524435997","0.149414524435997","0.1492469608783722","0.1492469608783722","0.1492469608783722"
"210","0.147136390209198","0.147136390209198","0.147136390209198","0.14725229144096375","0.14725229144096375","0.14725229144096375"
"211","0.14860519766807556","0.14860519766807556","0.14860519766807556","0.14858120679855347","0.14858120679855347","0.14858120679855347"
"212","0.1460990011692047","0.1460990011692047","0.1460990011692047","0.1462404876947403","0.1462404876947403","0.1462404876947403"
"213","0.1471138894557953","0.1471138894557953","0.1471138894557953","0.14725156128406525","0.14725156128406525","0.14725156128406525"
"214","0.14789995551109314","0.14789995551109314","0.14789995551109314","0.14786989986896515","0.14786989986896515","0.14786989986896515"
"215","0.1472053974866867","0.1472053974866867","0.1472053974866867","0.14732414484024048","0.14732414484024048","0.14732414484024048"
"216","0.1488794982433319","0.1488794982433319","0.1488794982433319","0.14889614284038544","0.14889614284038544","0.14889614284038544"
"217","0.14801336824893951","0.14801336824893951","0.14801336824893951","0.14812174439430237","0.14812174439430237","0.14812174439430237"
"218","0.14742429554462433","0.14742429554462433","0.14742429554462433","0.14749027788639069","0.14749027788639069","0.14749027788639069"
"220","0.14798475801944733","0.14798475801944733","0.14798475801944733","0.14788734912872314","0.14788734912872314","0.14788734912872314"
"221","0.14617134630680084","0.14617134630680084","0.14617134630680084","0.14627572894096375","0.14627572894096375","0.14627572894096375"
"222","0.1483657956123352","0.1483657956123352","0.1483657956123352","0.14845335483551025","0.14845335483551025","0.14845335483551025"
"223","0.14774225652217865","0.14774225652217865","0.14774225652217865","0.14787496626377106","0.14787496626377106","0.14787496626377106"
"224","0.1468321830034256","0.1468321830034256","0.1468321830034256","0.14688242971897125","0.14688242971897125","0.14688242971897125"
"225","0.14830327033996582","0.14830327033996582","0.14830327033996582","0.14856912195682526","0.14856912195682526","0.14856912195682526"
"226","0.14894619584083557","0.14894619584083557","0.14894619584083557","0.1489550620317459","0.1489550620317459","0.1489550620317459"
"227","0.14974288642406464","0.14974288642406464","0.14974288642406464","0.14990279078483582","0.14990279078483582","0.14990279078483582"
"228","0.14954859018325806","0.14954859018325806","0.14954859018325806","0.14961540699005127","0.14961540699005127","0.14961540699005127"
"229","0.14665578305721283","0.14665578305721283","0.14665578305721283","0.14686010777950287","0.14686010777950287","0.14686010777950287"
"231","0.1477436125278473","0.1477436125278473","0.1477436125278473","0.1477242112159729","0.1477242112159729","0.1477242112159729"
"232","0.14712592959403992","0.14712592959403992","0.14712592959403992","0.14726020395755768","0.14726020395755768","0.14726020395755768"
"233","0.1471651792526245","0.1471651792526245","0.1471651792526245","0.14723269641399384","0.14723269641399384","0.14723269641399384"
"234","0.14710316061973572","0.14710316061973572","0.14710316061973572","0.1471528708934784","0.1471528708934784","0.1471528708934784"
"235","0.14732308685779572","0.14732308685779572","0.14732308685779572","0.14740563929080963","0.14740563929080963","0.14740563929080963"
"236","0.14787468314170837","0.14787468314170837","0.14787468314170837","0.1480078250169754","0.1480078250169754","0.1480078250169754"
"237","0.14706255495548248","0.14706255495548248","0.14706255495548248","0.1471630036830902","0.1471630036830902","0.1471630036830902"
"238","0.14752830564975739","0.14752830564975739","0.14752830564975739","0.14743320643901825","0.14743320643901825","0.14743320643901825"
"239","0.14746664464473724","0.14746664464473724","0.14746664464473724","0.1474941521883011","0.1474941521883011","0.1474941521883011"
"240","0.14770689606666565","0.14770689606666565","0.14770689606666565","0.14768312871456146","0.14768312871456146","0.14768312871456146"
"242","0.14869090914726257","0.14869090914726257","0.14869090914726257","0.14880672097206116","0.14880672097206116","0.14880672097206116"
"243","0.14773041009902954","0.14773041009902954","0.14773041009902954","0.14779309928417206","0.14779309928417206","0.14779309928417206"
"244","0.1480848640203476","0.1480848640203476","0.1480848640203476","0.1482454091310501","0.1482454091310501","0.1482454091310501"
"245","0.14777573943138123","0.14777573943138123","0.14777573943138123","0.1478620171546936","0.1478620171546936","0.1478620171546936"
"246","0.14896637201309204","0.14896637201309204","0.14896637201309204","0.14912094175815582","0.14912094175815582","0.14912094175815582"
"247","0.14899322390556335","0.14899322390556335","0.14899322390556335","0.14914225041866302","0.14914225041866302","0.14914225041866302"
"248","0.14838548004627228","0.14838548004627228","0.14838548004627228","0.14839895069599152","0.14839895069599152","0.14839895069599152"
"249","0.1473837047815323","0.1473837047815323","0.1473837047815323","0.14738495647907257","0.14738495647907257","0.14738495647907257"
"250","0.14646442234516144","0.14646442234516144","0.14646442234516144","0.146468386054039","0.146468386054039","0.146468386054039"
"251","0.14897039532661438","0.14897039532661438","0.14897039532661438","0.14903433620929718","0.14903433620929718","0.14903433620929718"
"253","0.14696763455867767","0.14696763455867767","0.14696763455867767","0.14707182347774506","0.14707182347774506","0.14707182347774506"
"254","0.14664126932621002","0.14664126932621002","0.14664126932621002","0.14673088490962982","0.14673088490962982","0.14673088490962982"
"255","0.1485978364944458","0.1485978364944458","0.1485978364944458","0.1486538052558899","0.1486538052558899","0.1486538052558899"
"256","0.14838361740112305","0.14838361740112305","0.14838361740112305","0.14850066602230072","0.14850066602230072","0.14850066602230072"
"257","0.1466851383447647","0.1466851383447647","0.1466851383447647","0.14684635400772095","0.14684635400772095","0.14684635400772095"
"258","0.14752773940563202","0.14752773940563202","0.14752773940563202","0.14753028750419617","0.14753028750419617","0.14753028750419617"
"259","0.14856375753879547","0.14856375753879547","0.14856375753879547","0.14855791628360748","0.14855791628360748","0.14855791628360748"
"260","0.1466975212097168","0.1466975212097168","0.1466975212097168","0.14679473638534546","0.14679473638534546","0.14679473638534546"
"261","0.14851735532283783","0.14851735532283783","0.14851735532283783","0.14853103458881378","0.14853103458881378","0.14853103458881378"
"262","0.14601744711399078","0.14601744711399078","0.14601744711399078","0.14609502255916595","0.14609502255916595","0.14609502255916595"
"264","0.14750584959983826","0.14750584959983826","0.14750584959983826","0.14754173159599304","0.14754173159599304","0.14754173159599304"
"265","0.147721067070961","0.147721067070961","0.147721067070961","0.14781126379966736","0.14781126379966736","0.14781126379966736"
"266","0.1467897593975067","0.1467897593975067","0.1467897593975067","0.1468183398246765","0.1468183398246765","0.1468183398246765"
"267","0.1464281976222992","0.1464281976222992","0.1464281976222992","0.1464918702840805","0.1464918702840805","0.1464918702840805"
"268","0.14743158221244812","0.14743158221244812","0.14743158221244812","0.14758887887001038","0.14758887887001038","0.14758887887001038"
"269","0.14753800630569458","0.14753800630569458","0.14753800630569458","0.14768564701080322","0.14768564701080322","0.14768564701080322"
"270","0.1474914699792862","0.1474914699792862","0.1474914699792862","0.1475345939397812","0.1475345939397812","0.1475345939397812"
"271","0.14796020090579987","0.14796020090579987","0.14796020090579987","0.14799650013446808","0.14799650013446808","0.14799650013446808"
"272","0.14795857667922974","0.14795857667922974","0.14795857667922974","0.14798671007156372","0.14798671007156372","0.14798671007156372"
"273","0.14890319108963013","0.14890319108963013","0.14890319108963013","0.14898721873760223","0.14898721873760223","0.14898721873760223"
"275","0.14619025588035583","0.14619025588035583","0.14619025588035583","0.1462683528661728","0.1462683528661728","0.1462683528661728"
"276","0.1472524106502533","0.1472524106502533","0.1472524106502533","0.14738112688064575","0.14738112688064575","0.14738112688064575"
"277","0.1481681913137436","0.1481681913137436","0.1481681913137436","0.1482006460428238","0.1482006460428238","0.1482006460428238"
"278","0.14809587597846985","0.14809587597846985","0.14809587597846985","0.1481611132621765","0.1481611132621765","0.1481611132621765"
"279","0.14795728027820587","0.14795728027820587","0.14795728027820587","0.14823800325393677","0.14823800325393677","0.14823800325393677"
"280","0.14769111573696136","0.14769111573696136","0.14769111573696136","0.14745141565799713","0.14745141565799713","0.14745141565799713"
"281","0.14687275886535645","0.14687275886535645","0.14687275886535645","0.14685632288455963","0.14685632288455963","0.14685632288455963"
"282","0.14786677062511444","0.14786677062511444","0.14786677062511444","0.1479773372411728","0.1479773372411728","0.1479773372411728"
"283","0.1493515968322754","0.1493515968322754","0.1493515968322754","0.1495112180709839","0.1495112180709839","0.1495112180709839"
"284","0.14545011520385742","0.14545011520385742","0.14545011520385742","0.1457175314426422","0.1457175314426422","0.1457175314426422"
"286","0.14747005701065063","0.14747005701065063","0.14747005701065063","0.14755120873451233","0.14755120873451233","0.14755120873451233"
"287","0.1462807059288025","0.1462807059288025","0.1462807059288025","0.1461639404296875","0.1461639404296875","0.1461639404296875"
"288","0.14587420225143433","0.14587420225143433","0.14587420225143433","0.1459289789199829","0.1459289789199829","0.1459289789199829"
"289","0.14701104164123535","0.14701104164123535","0.14701104164123535","0.14717774093151093","0.14717774093151093","0.14717774093151093"
"290","0.14712199568748474","0.14712199568748474","0.14712199568748474","0.1471119225025177","0.1471119225025177","0.1471119225025177"
"291","0.14741989970207214","0.14741989970207214","0.14741989970207214","0.1473780870437622","0.1473780870437622","0.1473780870437622"
"292","0.14654672145843506","0.14654672145843506","0.14654672145843506","0.14657019078731537","0.14657019078731537","0.14657019078731537"
"293","0.14658008515834808","0.14658008515834808","0.14658008515834808","0.1465739756822586","0.1465739756822586","0.1465739756822586"
"294","0.14686095714569092","0.14686095714569092","0.14686095714569092","0.1468474417924881","0.1468474417924881","0.1468474417924881"
"295","0.1476283222436905","0.1476283222436905","0.1476283222436905","0.14779318869113922","0.14779318869113922","0.14779318869113922"
"297","0.1489454209804535","0.1489454209804535","0.1489454209804535","0.14886385202407837","0.14886385202407837","0.14886385202407837"
"298","0.14631982147693634","0.14631982147693634","0.14631982147693634","0.1464051902294159","0.1464051902294159","0.1464051902294159"
"299","0.14807109534740448","0.14807109534740448","0.14807109534740448","0.1481911540031433","0.1481911540031433","0.1481911540031433"
"300","0.14852328598499298","0.14852328598499298","0.14852328598499298","0.148509219288826","0.148509219288826","0.148509219288826"
"301","0.14576447010040283","0.14576447010040283","0.14576447010040283","0.14587482810020447","0.14587482810020447","0.14587482810020447"
"302","0.1479516178369522","0.1479516178369522","0.1479516178369522","0.14803408086299896","0.14803408086299896","0.14803408086299896"
"303","0.14588040113449097","0.14588040113449097","0.14588040113449097","0.14584851264953613","0.14584851264953613","0.14584851264953613"
"304","0.1465633511543274","0.1465633511543274","0.1465633511543274","0.14655143022537231","0.14655143022537231","0.14655143022537231"
"305","0.1470584124326706","0.1470584124326706","0.1470584124326706","0.1471133679151535","0.1471133679151535","0.1471133679151535"
"306","0.14716525375843048","0.14716525375843048","0.14716525375843048","0.14723676443099976","0.14723676443099976","0.14723676443099976"
"308","0.14637666940689087","0.14637666940689087","0.14637666940689087","0.1463768631219864","0.1463768631219864","0.1463768631219864"
"309","0.14774736762046814","0.14774736762046814","0.14774736762046814","0.1479410082101822","0.1479410082101822","0.1479410082101822"
"310","0.14693216979503632","0.14693216979503632","0.14693216979503632","0.1470019668340683","0.1470019668340683","0.1470019668340683"
"311","0.14689214527606964","0.14689214527606964","0.14689214527606964","0.14685101807117462","0.14685101807117462","0.14685101807117462"
"312","0.14742760360240936","0.14742760360240936","0.14742760360240936","0.14743287861347198","0.14743287861347198","0.14743287861347198"
"313","0.14726869761943817","0.14726869761943817","0.14726869761943817","0.14744116365909576","0.14744116365909576","0.14744116365909576"
"314","0.14731386303901672","0.14731386303901672","0.14731386303901672","0.14714959263801575","0.14714959263801575","0.14714959263801575"
"315","0.14745229482650757","0.14745229482650757","0.14745229482650757","0.1474793404340744","0.1474793404340744","0.1474793404340744"
"316","0.14711076021194458","0.14711076021194458","0.14711076021194458","0.14722168445587158","0.14722168445587158","0.14722168445587158"
"317","0.14564387500286102","0.14564387500286102","0.14564387500286102","0.14564748108386993","0.14564748108386993","0.14564748108386993"
"319","0.14751335978507996","0.14751335978507996","0.14751335978507996","0.14757634699344635","0.14757634699344635","0.14757634699344635"
"320","0.14602628350257874","0.14602628350257874","0.14602628350257874","0.14604011178016663","0.14604011178016663","0.14604011178016663"
"321","0.14852631092071533","0.14852631092071533","0.14852631092071533","0.1486353874206543","0.1486353874206543","0.1486353874206543"
"322","0.14603039622306824","0.14603039622306824","0.14603039622306824","0.14604723453521729","0.14604723453521729","0.14604723453521729"
"323","0.14635656774044037","0.14635656774044037","0.14635656774044037","0.1463073194026947","0.1463073194026947","0.1463073194026947"
"324","0.14671777188777924","0.14671777188777924","0.14671777188777924","0.14690935611724854","0.14690935611724854","0.14690935611724854"
"325","0.14661774039268494","0.14661774039268494","0.14661774039268494","0.1466585397720337","0.1466585397720337","0.1466585397720337"
"326","0.14667083323001862","0.14667083323001862","0.14667083323001862","0.14671741425991058","0.14671741425991058","0.14671741425991058"
"327","0.14727111160755157","0.14727111160755157","0.14727111160755157","0.14721892774105072","0.14721892774105072","0.14721892774105072"
"328","0.14787930250167847","0.14787930250167847","0.14787930250167847","0.14800123870372772","0.14800123870372772","0.14800123870372772"
"330","0.1460023671388626","0.1460023671388626","0.1460023671388626","0.1461409330368042","0.1461409330368042","0.1461409330368042"
"331","0.14626826345920563","0.14626826345920563","0.14626826345920563","0.1462060809135437","0.1462060809135437","0.1462060809135437"
"332","0.14514699578285217","0.14514699578285217","0.14514699578285217","0.1452045887708664","0.1452045887708664","0.1452045887708664"
"333","0.1453036665916443","0.1453036665916443","0.1453036665916443","0.14529843628406525","0.14529843628406525","0.14529843628406525"
"334","0.1472102254629135","0.1472102254629135","0.1472102254629135","0.14725008606910706","0.14725008606910706","0.14725008606910706"
"335","0.14683541655540466","0.14683541655540466","0.14683541655540466","0.14686112105846405","0.14686112105846405","0.14686112105846405"
"336","0.14649061858654022","0.14649061858654022","0.14649061858654022","0.1466485559940338","0.1466485559940338","0.1466485559940338"
"337","0.1469378024339676","0.1469378024339676","0.1469378024339676","0.14692135155200958","0.14692135155200958","0.14692135155200958"
"338","0.14517518877983093","0.14517518877983093","0.14517518877983093","0.145226389169693","0.145226389169693","0.145226389169693"
"339","0.14470529556274414","0.14470529556274414","0.14470529556274414","0.14471441507339478","0.14471441507339478","0.14471441507339478"
"341","0.1454809010028839","0.1454809010028839","0.1454809010028839","0.14558684825897217","0.14558684825897217","0.14558684825897217"
"342","0.14682318270206451","0.14682318270206451","0.14682318270206451","0.14690066874027252","0.14690066874027252","0.14690066874027252"
"343","0.14582306146621704","0.14582306146621704","0.14582306146621704","0.1458473652601242","0.1458473652601242","0.1458473652601242"
"344","0.14878259599208832","0.14878259599208832","0.14878259599208832","0.14887560904026031","0.14887560904026031","0.14887560904026031"
"345","0.1467462033033371","0.1467462033033371","0.1467462033033371","0.14660659432411194","0.14660659432411194","0.14660659432411194"
"346","0.14627143740653992","0.14627143740653992","0.14627143740653992","0.1462271809577942","0.1462271809577942","0.1462271809577942"
"347","0.1472553014755249","0.1472553014755249","0.1472553014755249","0.14724498987197876","0.14724498987197876","0.14724498987197876"
"348","0.14605383574962616","0.14605383574962616","0.14605383574962616","0.14607176184654236","0.14607176184654236","0.14607176184654236"
"349","0.14541886746883392","0.14541886746883392","0.14541886746883392","0.1455603837966919","0.1455603837966919","0.1455603837966919"
"350","0.14628201723098755","0.14628201723098755","0.14628201723098755","0.14634305238723755","0.14634305238723755","0.14634305238723755"
"352","0.14656415581703186","0.14656415581703186","0.14656415581703186","0.14665541052818298","0.14665541052818298","0.14665541052818298"
"353","0.1480114609003067","0.1480114609003067","0.1480114609003067","0.14805203676223755","0.14805203676223755","0.14805203676223755"
"354","0.14599992334842682","0.14599992334842682","0.14599992334842682","0.1460670828819275","0.1460670828819275","0.1460670828819275"
"355","0.14812356233596802","0.14812356233596802","0.14812356233596802","0.14803862571716309","0.14803862571716309","0.14803862571716309"
"356","0.14630302786827087","0.14630302786827087","0.14630302786827087","0.1463489830493927","0.1463489830493927","0.1463489830493927"
"357","0.14679895341396332","0.14679895341396332","0.14679895341396332","0.146990105509758","0.146990105509758","0.146990105509758"
"358","0.1467469036579132","0.1467469036579132","0.1467469036579132","0.1467832624912262","0.1467832624912262","0.1467832624912262"
"359","0.1471131145954132","0.1471131145954132","0.1471131145954132","0.14722567796707153","0.14722567796707153","0.14722567796707153"
"360","0.14655537903308868","0.14655537903308868","0.14655537903308868","0.14659637212753296","0.14659637212753296","0.14659637212753296"
"361","0.14549750089645386","0.14549750089645386","0.14549750089645386","0.14552098512649536","0.14552098512649536","0.14552098512649536"
"363","0.14747321605682373","0.14747321605682373","0.14747321605682373","0.14748969674110413","0.14748969674110413","0.14748969674110413"
"364","0.14669114351272583","0.14669114351272583","0.14669114351272583","0.14654096961021423","0.14654096961021423","0.14654096961021423"
"365","0.14709752798080444","0.14709752798080444","0.14709752798080444","0.14710813760757446","0.14710813760757446","0.14710813760757446"
"366","0.14688649773597717","0.14688649773597717","0.14688649773597717","0.14700408279895782","0.14700408279895782","0.14700408279895782"
"367","0.14519542455673218","0.14519542455673218","0.14519542455673218","0.14526382088661194","0.14526382088661194","0.14526382088661194"
"368","0.14651556313037872","0.14651556313037872","0.14651556313037872","0.14654316008090973","0.14654316008090973","0.14654316008090973"
"369","0.14683686196804047","0.14683686196804047","0.14683686196804047","0.1469615250825882","0.1469615250825882","0.1469615250825882"
"370","0.1442154496908188","0.1442154496908188","0.1442154496908188","0.1441517025232315","0.1441517025232315","0.1441517025232315"
"371","0.14675335586071014","0.14675335586071014","0.14675335586071014","0.14671064913272858","0.14671064913272858","0.14671064913272858"
"372","0.14651185274124146","0.14651185274124146","0.14651185274124146","0.14656227827072144","0.14656227827072144","0.14656227827072144"
"374","0.14771002531051636","0.14771002531051636","0.14771002531051636","0.14762188494205475","0.14762188494205475","0.14762188494205475"
"375","0.1448594629764557","0.1448594629764557","0.1448594629764557","0.14475643634796143","0.14475643634796143","0.14475643634796143"
"376","0.14732427895069122","0.14732427895069122","0.14732427895069122","0.14727865159511566","0.14727865159511566","0.14727865159511566"
"377","0.14697878062725067","0.14697878062725067","0.14697878062725067","0.14683695137500763","0.14683695137500763","0.14683695137500763"
"378","0.14483441412448883","0.14483441412448883","0.14483441412448883","0.14496737718582153","0.14496737718582153","0.14496737718582153"
"379","0.1450396031141281","0.1450396031141281","0.1450396031141281","0.14515262842178345","0.14515262842178345","0.14515262842178345"
"380","0.14546814560890198","0.14546814560890198","0.14546814560890198","0.1454552859067917","0.1454552859067917","0.1454552859067917"
"381","0.14551538228988647","0.14551538228988647","0.14551538228988647","0.14559496939182281","0.14559496939182281","0.14559496939182281"
"382","0.1473436951637268","0.1473436951637268","0.1473436951637268","0.14735911786556244","0.14735911786556244","0.14735911786556244"
"383","0.1457386165857315","0.1457386165857315","0.1457386165857315","0.14580301940441132","0.14580301940441132","0.14580301940441132"
"385","0.14664722979068756","0.14664722979068756","0.14664722979068756","0.14663609862327576","0.14663609862327576","0.14663609862327576"
"386","0.14432068169116974","0.14432068169116974","0.14432068169116974","0.14432959258556366","0.14432959258556366","0.14432959258556366"
"387","0.14784270524978638","0.14784270524978638","0.14784270524978638","0.14794479310512543","0.14794479310512543","0.14794479310512543"
"388","0.145433709025383","0.145433709025383","0.145433709025383","0.1454138457775116","0.1454138457775116","0.1454138457775116"
"389","0.1481177806854248","0.1481177806854248","0.1481177806854248","0.14813604950904846","0.14813604950904846","0.14813604950904846"
"390","0.14495673775672913","0.14495673775672913","0.14495673775672913","0.14503170549869537","0.14503170549869537","0.14503170549869537"
"391","0.146500825881958","0.146500825881958","0.146500825881958","0.14642484486103058","0.14642484486103058","0.14642484486103058"
"392","0.14686112105846405","0.14686112105846405","0.14686112105846405","0.14702293276786804","0.14702293276786804","0.14702293276786804"
"393","0.14613023400306702","0.14613023400306702","0.14613023400306702","0.1459904909133911","0.1459904909133911","0.1459904909133911"
"394","0.14667297899723053","0.14667297899723053","0.14667297899723053","0.1467997133731842","0.1467997133731842","0.1467997133731842"
"396","0.14629434049129486","0.14629434049129486","0.14629434049129486","0.1462586373090744","0.1462586373090744","0.1462586373090744"
"397","0.1451285034418106","0.1451285034418106","0.1451285034418106","0.14505058526992798","0.14505058526992798","0.14505058526992798"
"398","0.14778754115104675","0.14778754115104675","0.14778754115104675","0.147842675447464","0.147842675447464","0.147842675447464"
"399","0.1465459018945694","0.1465459018945694","0.1465459018945694","0.14657409489154816","0.14657409489154816","0.14657409489154816"
"400","0.14519216120243073","0.14519216120243073","0.14519216120243073","0.14548198878765106","0.14548198878765106","0.14548198878765106"
"401","0.14597269892692566","0.14597269892692566","0.14597269892692566","0.14598464965820312","0.14598464965820312","0.14598464965820312"
"402","0.1467336267232895","0.1467336267232895","0.1467336267232895","0.14675097167491913","0.14675097167491913","0.14675097167491913"
"403","0.14671827852725983","0.14671827852725983","0.14671827852725983","0.14656423032283783","0.14656423032283783","0.14656423032283783"
"404","0.1468491405248642","0.1468491405248642","0.1468491405248642","0.1468932181596756","0.1468932181596756","0.1468932181596756"
"405","0.14433327317237854","0.14433327317237854","0.14433327317237854","0.14432625472545624","0.14432625472545624","0.14432625472545624"
"407","0.14587360620498657","0.14587360620498657","0.14587360620498657","0.1459231972694397","0.1459231972694397","0.1459231972694397"
"408","0.14756427705287933","0.14756427705287933","0.14756427705287933","0.14749367535114288","0.14749367535114288","0.14749367535114288"
"409","0.1446802169084549","0.1446802169084549","0.1446802169084549","0.1447572112083435","0.1447572112083435","0.1447572112083435"
"410","0.147141233086586","0.147141233086586","0.147141233086586","0.14718861877918243","0.14718861877918243","0.14718861877918243"
"411","0.14545433223247528","0.14545433223247528","0.14545433223247528","0.14558054506778717","0.14558054506778717","0.14558054506778717"
"412","0.14418184757232666","0.14418184757232666","0.14418184757232666","0.14427557587623596","0.14427557587623596","0.14427557587623596"
"413","0.1452031433582306","0.1452031433582306","0.1452031433582306","0.14517077803611755","0.14517077803611755","0.14517077803611755"
"414","0.14484672248363495","0.14484672248363495","0.14484672248363495","0.14485301077365875","0.14485301077365875","0.14485301077365875"
"415","0.14559797942638397","0.14559797942638397","0.14559797942638397","0.14561159908771515","0.14561159908771515","0.14561159908771515"
"416","0.14724263548851013","0.14724263548851013","0.14724263548851013","0.1472530961036682","0.1472530961036682","0.1472530961036682"
"418","0.14462722837924957","0.14462722837924957","0.14462722837924957","0.1445843130350113","0.1445843130350113","0.1445843130350113"
"419","0.14437712728977203","0.14437712728977203","0.14437712728977203","0.1443522721529007","0.1443522721529007","0.1443522721529007"
"420","0.14675721526145935","0.14675721526145935","0.14675721526145935","0.14685288071632385","0.14685288071632385","0.14685288071632385"
"421","0.14490167796611786","0.14490167796611786","0.14490167796611786","0.144833505153656","0.144833505153656","0.144833505153656"
"422","0.1477590948343277","0.1477590948343277","0.1477590948343277","0.1476389765739441","0.1476389765739441","0.1476389765739441"
"423","0.14534278213977814","0.14534278213977814","0.14534278213977814","0.14539484679698944","0.14539484679698944","0.14539484679698944"
"424","0.1457819789648056","0.1457819789648056","0.1457819789648056","0.14591453969478607","0.14591453969478607","0.14591453969478607"
"425","0.14447608590126038","0.14447608590126038","0.14447608590126038","0.1445227414369583","0.1445227414369583","0.1445227414369583"
"426","0.14677682518959045","0.14677682518959045","0.14677682518959045","0.14697812497615814","0.14697812497615814","0.14697812497615814"
"427","0.14574947953224182","0.14574947953224182","0.14574947953224182","0.14573551714420319","0.14573551714420319","0.14573551714420319"
"429","0.147467702627182","0.147467702627182","0.147467702627182","0.14740817248821259","0.14740817248821259","0.14740817248821259"
"430","0.14653804898262024","0.14653804898262024","0.14653804898262024","0.1465250849723816","0.1465250849723816","0.1465250849723816"
"431","0.14462657272815704","0.14462657272815704","0.14462657272815704","0.14468684792518616","0.14468684792518616","0.14468684792518616"
"432","0.14691881835460663","0.14691881835460663","0.14691881835460663","0.146940216422081","0.146940216422081","0.146940216422081"
"433","0.14568740129470825","0.14568740129470825","0.14568740129470825","0.1456746906042099","0.1456746906042099","0.1456746906042099"
"434","0.14534783363342285","0.14534783363342285","0.14534783363342285","0.14532802999019623","0.14532802999019623","0.14532802999019623"
"435","0.14581966400146484","0.14581966400146484","0.14581966400146484","0.14575797319412231","0.14575797319412231","0.14575797319412231"
"436","0.14671246707439423","0.14671246707439423","0.14671246707439423","0.1467873454093933","0.1467873454093933","0.1467873454093933"
"437","0.14585843682289124","0.14585843682289124","0.14585843682289124","0.1459318995475769","0.1459318995475769","0.1459318995475769"
"438","0.14640118181705475","0.14640118181705475","0.14640118181705475","0.14644679427146912","0.14644679427146912","0.14644679427146912"
"440","0.14519332349300385","0.14519332349300385","0.14519332349300385","0.14521509408950806","0.14521509408950806","0.14521509408950806"
"441","0.14575107395648956","0.14575107395648956","0.14575107395648956","0.145885169506073","0.145885169506073","0.145885169506073"
"442","0.1462486982345581","0.1462486982345581","0.1462486982345581","0.1462961882352829","0.1462961882352829","0.1462961882352829"
"443","0.14543527364730835","0.14543527364730835","0.14543527364730835","0.1454050987958908","0.1454050987958908","0.1454050987958908"
"444","0.14589332044124603","0.14589332044124603","0.14589332044124603","0.14598697423934937","0.14598697423934937","0.14598697423934937"
"445","0.14610762894153595","0.14610762894153595","0.14610762894153595","0.1462310403585434","0.1462310403585434","0.1462310403585434"
"446","0.14477339386940002","0.14477339386940002","0.14477339386940002","0.1448373645544052","0.1448373645544052","0.1448373645544052"
"447","0.14497478306293488","0.14497478306293488","0.14497478306293488","0.14506518840789795","0.14506518840789795","0.14506518840789795"
"448","0.14579345285892487","0.14579345285892487","0.14579345285892487","0.14578530192375183","0.14578530192375183","0.14578530192375183"
"449","0.14598341286182404","0.14598341286182404","0.14598341286182404","0.14599420130252838","0.14599420130252838","0.14599420130252838"
"451","0.14683039486408234","0.14683039486408234","0.14683039486408234","0.14689908921718597","0.14689908921718597","0.14689908921718597"
"452","0.1455748826265335","0.1455748826265335","0.1455748826265335","0.14555923640727997","0.14555923640727997","0.14555923640727997"
"453","0.1453447788953781","0.1453447788953781","0.1453447788953781","0.14534948766231537","0.14534948766231537","0.14534948766231537"
"454","0.14531868696212769","0.14531868696212769","0.14531868696212769","0.14537353813648224","0.14537353813648224","0.14537353813648224"
"455","0.14630773663520813","0.14630773663520813","0.14630773663520813","0.14606806635856628","0.14606806635856628","0.14606806635856628"
"456","0.14577127993106842","0.14577127993106842","0.14577127993106842","0.14580298960208893","0.14580298960208893","0.14580298960208893"
"457","0.14647315442562103","0.14647315442562103","0.14647315442562103","0.1465718150138855","0.1465718150138855","0.1465718150138855"
"458","0.14770962297916412","0.14770962297916412","0.14770962297916412","0.1473938375711441","0.1473938375711441","0.1473938375711441"
"459","0.14501190185546875","0.14501190185546875","0.14501190185546875","0.1450989544391632","0.1450989544391632","0.1450989544391632"
"460","0.14526905119419098","0.14526905119419098","0.14526905119419098","0.1453363299369812","0.1453363299369812","0.1453363299369812"
"462","0.1446104645729065","0.1446104645729065","0.1446104645729065","0.14473854005336761","0.14473854005336761","0.14473854005336761"
"463","0.14454767107963562","0.14454767107963562","0.14454767107963562","0.14450491964817047","0.14450491964817047","0.14450491964817047"
"464","0.14387749135494232","0.14387749135494232","0.14387749135494232","0.14393267035484314","0.14393267035484314","0.14393267035484314"
"465","0.14522503316402435","0.14522503316402435","0.14522503316402435","0.14525775611400604","0.14525775611400604","0.14525775611400604"
"466","0.14697952568531036","0.14697952568531036","0.14697952568531036","0.14711210131645203","0.14711210131645203","0.14711210131645203"
"467","0.14589956402778625","0.14589956402778625","0.14589956402778625","0.14584296941757202","0.14584296941757202","0.14584296941757202"
"468","0.145080104470253","0.145080104470253","0.145080104470253","0.1451394110918045","0.1451394110918045","0.1451394110918045"
"469","0.14545632898807526","0.14545632898807526","0.14545632898807526","0.14550217986106873","0.14550217986106873","0.14550217986106873"
"470","0.14561301469802856","0.14561301469802856","0.14561301469802856","0.14562290906906128","0.14562290906906128","0.14562290906906128"
"471","0.14520719647407532","0.14520719647407532","0.14520719647407532","0.1452193558216095","0.1452193558216095","0.1452193558216095"
"473","0.14420844614505768","0.14420844614505768","0.14420844614505768","0.1442277878522873","0.1442277878522873","0.1442277878522873"
"474","0.14488334953784943","0.14488334953784943","0.14488334953784943","0.14494620263576508","0.14494620263576508","0.14494620263576508"
"475","0.1450376957654953","0.1450376957654953","0.1450376957654953","0.14508315920829773","0.14508315920829773","0.14508315920829773"
"476","0.14589495956897736","0.14589495956897736","0.14589495956897736","0.1458643078804016","0.1458643078804016","0.1458643078804016"
"477","0.14675015211105347","0.14675015211105347","0.14675015211105347","0.14670433104038239","0.14670433104038239","0.14670433104038239"
"478","0.14578470587730408","0.14578470587730408","0.14578470587730408","0.14583902060985565","0.14583902060985565","0.14583902060985565"
"479","0.1443614363670349","0.1443614363670349","0.1443614363670349","0.14433731138706207","0.14433731138706207","0.14433731138706207"
"480","0.14528116583824158","0.14528116583824158","0.14528116583824158","0.14527058601379395","0.14527058601379395","0.14527058601379395"
"481","0.1445736289024353","0.1445736289024353","0.1445736289024353","0.1445583552122116","0.1445583552122116","0.1445583552122116"
"482","0.14588142931461334","0.14588142931461334","0.14588142931461334","0.14587534964084625","0.14587534964084625","0.14587534964084625"
"484","0.14514803886413574","0.14514803886413574","0.14514803886413574","0.14496086537837982","0.14496086537837982","0.14496086537837982"
"485","0.14534662663936615","0.14534662663936615","0.14534662663936615","0.1454351842403412","0.1454351842403412","0.1454351842403412"
"486","0.144568532705307","0.144568532705307","0.144568532705307","0.1445464938879013","0.1445464938879013","0.1445464938879013"
"487","0.14609679579734802","0.14609679579734802","0.14609679579734802","0.14609137177467346","0.14609137177467346","0.14609137177467346"
"488","0.1465843915939331","0.1465843915939331","0.1465843915939331","0.1465996503829956","0.1465996503829956","0.1465996503829956"
"489","0.14553865790367126","0.14553865790367126","0.14553865790367126","0.14553698897361755","0.14553698897361755","0.14553698897361755"
"490","0.14700454473495483","0.14700454473495483","0.14700454473495483","0.1470007300376892","0.1470007300376892","0.1470007300376892"
"491","0.14485782384872437","0.14485782384872437","0.14485782384872437","0.144989475607872","0.144989475607872","0.144989475607872"
"492","0.1462256759405136","0.1462256759405136","0.1462256759405136","0.14627516269683838","0.14627516269683838","0.14627516269683838"
"493","0.14550235867500305","0.14550235867500305","0.14550235867500305","0.14544843137264252","0.14544843137264252","0.14544843137264252"
"495","0.14424653351306915","0.14424653351306915","0.14424653351306915","0.1442604660987854","0.1442604660987854","0.1442604660987854"
"496","0.14456118643283844","0.14456118643283844","0.14456118643283844","0.14449629187583923","0.14449629187583923","0.14449629187583923"
"497","0.14415596425533295","0.14415596425533295","0.14415596425533295","0.14413627982139587","0.14413627982139587","0.14413627982139587"
"498","0.1463826298713684","0.1463826298713684","0.1463826298713684","0.14645206928253174","0.14645206928253174","0.14645206928253174"
"499","0.14451481401920319","0.14451481401920319","0.14451481401920319","0.14453718066215515","0.14453718066215515","0.14453718066215515"
"500","0.14631319046020508","0.14631319046020508","0.14631319046020508","0.14625844359397888","0.14625844359397888","0.14625844359397888"
"501","0.14589619636535645","0.14589619636535645","0.14589619636535645","0.1459067463874817","0.1459067463874817","0.1459067463874817"
"502","0.14533916115760803","0.14533916115760803","0.14533916115760803","0.14527158439159393","0.14527158439159393","0.14527158439159393"
"503","0.14550156891345978","0.14550156891345978","0.14550156891345978","0.14561419188976288","0.14561419188976288","0.14561419188976288"
"504","0.14530576765537262","0.14530576765537262","0.14530576765537262","0.14523416757583618","0.14523416757583618","0.14523416757583618"
"506","0.14530572295188904","0.14530572295188904","0.14530572295188904","0.14523592591285706","0.14523592591285706","0.14523592591285706"
"507","0.14615969359874725","0.14615969359874725","0.14615969359874725","0.14628222584724426","0.14628222584724426","0.14628222584724426"
"508","0.14574240148067474","0.14574240148067474","0.14574240148067474","0.14566734433174133","0.14566734433174133","0.14566734433174133"
"509","0.14404228329658508","0.14404228329658508","0.14404228329658508","0.1440778374671936","0.1440778374671936","0.1440778374671936"
"510","0.14471027255058289","0.14471027255058289","0.14471027255058289","0.1447940468788147","0.1447940468788147","0.1447940468788147"
"511","0.14466078579425812","0.14466078579425812","0.14466078579425812","0.14467677474021912","0.14467677474021912","0.14467677474021912"
"512","0.14556221663951874","0.14556221663951874","0.14556221663951874","0.14559167623519897","0.14559167623519897","0.14559167623519897"
"513","0.14391380548477173","0.14391380548477173","0.14391380548477173","0.14385885000228882","0.14385885000228882","0.14385885000228882"
"514","0.144939124584198","0.144939124584198","0.144939124584198","0.14501729607582092","0.14501729607582092","0.14501729607582092"
"515","0.14447687566280365","0.14447687566280365","0.14447687566280365","0.1445876657962799","0.1445876657962799","0.1445876657962799"
"517","0.1455325186252594","0.1455325186252594","0.1455325186252594","0.14551475644111633","0.14551475644111633","0.14551475644111633"
"518","0.14536286890506744","0.14536286890506744","0.14536286890506744","0.14512775838375092","0.14512775838375092","0.14512775838375092"
"519","0.1453164517879486","0.1453164517879486","0.1453164517879486","0.14523932337760925","0.14523932337760925","0.14523932337760925"
"520","0.14463216066360474","0.14463216066360474","0.14463216066360474","0.14454583823680878","0.14454583823680878","0.14454583823680878"
"521","0.14397095143795013","0.14397095143795013","0.14397095143795013","0.1440161168575287","0.1440161168575287","0.1440161168575287"
"522","0.1443457305431366","0.1443457305431366","0.1443457305431366","0.1443236619234085","0.1443236619234085","0.1443236619234085"
"523","0.1450415551662445","0.1450415551662445","0.1450415551662445","0.14505785703659058","0.14505785703659058","0.14505785703659058"
"524","0.14577409625053406","0.14577409625053406","0.14577409625053406","0.14581678807735443","0.14581678807735443","0.14581678807735443"
"525","0.1460047960281372","0.1460047960281372","0.1460047960281372","0.1458933800458908","0.1458933800458908","0.1458933800458908"
"526","0.14491622149944305","0.14491622149944305","0.14491622149944305","0.14470617473125458","0.14470617473125458","0.14470617473125458"
"528","0.14444100856781006","0.14444100856781006","0.14444100856781006","0.1444055438041687","0.1444055438041687","0.1444055438041687"
"529","0.14498597383499146","0.14498597383499146","0.14498597383499146","0.1450023502111435","0.1450023502111435","0.1450023502111435"
"530","0.14488457143306732","0.14488457143306732","0.14488457143306732","0.14484208822250366","0.14484208822250366","0.14484208822250366"
"531","0.14464512467384338","0.14464512467384338","0.14464512467384338","0.14458371698856354","0.14458371698856354","0.14458371698856354"
"532","0.1457904428243637","0.1457904428243637","0.1457904428243637","0.14574924111366272","0.14574924111366272","0.14574924111366272"
"533","0.14449629187583923","0.14449629187583923","0.14449629187583923","0.14451204240322113","0.14451204240322113","0.14451204240322113"
"534","0.14757230877876282","0.14757230877876282","0.14757230877876282","0.14741984009742737","0.14741984009742737","0.14741984009742737"
"535","0.1458718627691269","0.1458718627691269","0.1458718627691269","0.14590658247470856","0.14590658247470856","0.14590658247470856"
"536","0.14434891939163208","0.14434891939163208","0.14434891939163208","0.14445613324642181","0.14445613324642181","0.14445613324642181"
"537","0.14553526043891907","0.14553526043891907","0.14553526043891907","0.1455828696489334","0.1455828696489334","0.1455828696489334"
"539","0.1450844258069992","0.1450844258069992","0.1450844258069992","0.1451483815908432","0.1451483815908432","0.1451483815908432"
"540","0.14469894766807556","0.14469894766807556","0.14469894766807556","0.1448248028755188","0.1448248028755188","0.1448248028755188"
"541","0.14623567461967468","0.14623567461967468","0.14623567461967468","0.1463523805141449","0.1463523805141449","0.1463523805141449"
"542","0.14435264468193054","0.14435264468193054","0.14435264468193054","0.1443537473678589","0.1443537473678589","0.1443537473678589"
"543","0.14566250145435333","0.14566250145435333","0.14566250145435333","0.14571289718151093","0.14571289718151093","0.14571289718151093"
"544","0.14578109979629517","0.14578109979629517","0.14578109979629517","0.14571671187877655","0.14571671187877655","0.14571671187877655"
"545","0.14531661570072174","0.14531661570072174","0.14531661570072174","0.1453256905078888","0.1453256905078888","0.1453256905078888"
"546","0.14462091028690338","0.14462091028690338","0.14462091028690338","0.14465086162090302","0.14465086162090302","0.14465086162090302"
"547","0.14463937282562256","0.14463937282562256","0.14463937282562256","0.14455650746822357","0.14455650746822357","0.14455650746822357"
"548","0.14612296223640442","0.14612296223640442","0.14612296223640442","0.14605441689491272","0.14605441689491272","0.14605441689491272"